{
  "random_forest": {
    "MAE": 16.206540239938523,
    "RMSE": 581.5024936395945,
    "R2": -11973.435522660862,
    "MAE_CI95": [
      10.086663671045658,
      27.88444848157327
    ],
    "RMSE_CI95": [
      21.56417014363482,
      1006.0554125011291
    ],
    "R2_CI95": [
      -1441.9909458498983,
      0.3397041187666731
    ]
  },
  "xgboost": {
    "MAE": 10.726386714657254,
    "RMSE": 22.269962028120265,
    "R2": -1.6446390294579676,
    "MAE_CI95": [
      10.368790227737316,
      11.09693711696484
    ],
    "RMSE_CI95": [
      21.75709036065136,
      22.76901015831922
    ],
    "R2_CI95": [
      0.29191221012534674,
      0.320826791968061
    ]
  },
  "lightgbm": {
    "MAE": 16.206540239938523,
    "RMSE": 581.5024936395945,
    "R2": -11973.435522660862,
    "MAE_CI95": [
      10.086663671045658,
      27.88444848157327
    ],
    "RMSE_CI95": [
      21.56417014363482,
      1006.0554125011291
    ],
    "R2_CI95": [
      -1441.9909458498983,
      0.3397041187666731
    ]
  },
  "catboost": {
    "MAE": 16.206540239938523,
    "RMSE": 581.5024936395945,
    "R2": -11973.435522660862,
    "MAE_CI95": [
      10.086663671045658,
      27.88444848157327
    ],
    "RMSE_CI95": [
      21.56417014363482,
      1006.0554125011291
    ],
    "R2_CI95": [
      -1441.9909458498983,
      0.3397041187666731
    ]
  },
  "ffnn": {
    "MAE": 3.5812860548013483,
    "RMSE": 7.292775334829486,
    "R2": -3.8392051766405566,
    "MAE_CI95": [
      3.4701579908855478,
      3.704088706789085
    ],
    "RMSE_CI95": [
      6.714446475664582,
      7.887167899659904
    ],
    "R2_CI95": [
      0.9131901207361364,
      0.936452067681535
    ]
  },
  "lstm": {
    "MAE": 9.994228392910516,
    "RMSE": 21.421519210706105,
    "R2": -0.2953436042009994,
    "MAE_CI95": [
      9.66227359179752,
      10.346180823386563
    ],
    "RMSE_CI95": [
      20.951570463708247,
      21.893555722333137
    ],
    "R2_CI95": [
      0.35113492016741726,
      0.36634565013118514
    ]
  },
  "ensemble": {
    "MAE": 13.946181163178606,
    "RMSE": 349.35545039364126,
    "R2": -4311.588789034396,
    "MAE_CI95": [
      10.169102114125105,
      20.83679959599927
    ],
    "RMSE_CI95": [
      21.659039241981635,
      603.8837167573495
    ],
    "R2_CI95": [
      -515.0987122370699,
      0.33520408697056564
    ],
    "weights": [
      0.1,
      0.4,
      0.4,
      0.09999999999999998
    ]
  }
}